{"assets/fonts/static/OpenSans-Italic.ttf":["assets/fonts/static/OpenSans-Italic.ttf"],"assets/fonts/static/OpenSans-Regular.ttf":["assets/fonts/static/OpenSans-Regular.ttf"],"assets/icons/arrowdown.png":["assets/icons/arrowdown.png"],"assets/icons/arrowup.png":["assets/icons/arrowup.png"],"assets/icons/cart.png":["assets/icons/cart.png"],"assets/icons/error.png":["assets/icons/error.png"],"assets/icons/home.png":["assets/icons/home.png"],"assets/icons/like.png":["assets/icons/like.png"],"assets/icons/logo.png":["assets/icons/logo.png"],"assets/icons/productImage.png":["assets/icons/productImage.png"],"assets/icons/share.png":["assets/icons/share.png"],"assets/icons/success.png":["assets/icons/success.png"],"assets/icons/user.png":["assets/icons/user.png"],"packages/cupertino_icons/assets/CupertinoIcons.ttf":["packages/cupertino_icons/assets/CupertinoIcons.ttf"]}